序号,caption,caption_zh,备注
0,Dwayne the Rock Johnson wrestles Jesus Christ in a WWE match in a hell in a cell.
1,An anime man in flight uniform with hyper detailed digital artwork and an art style inspired by Klimt, Nixeu, Ian Sprigger, Wlop, and Krenz Cushart.
2,A Wojak looking over a sea of memes from a cliff on 4chan.
3,Ralsei and Asriel from Deltarune eating pizza.
4,A portrait of an anime mecha robot with a Japanese town background and a starred night sky.
5,A minimalist portrait of Chloe Grace by Jean Giraud in a comic style.
6,A raccoon riding an oversized fox through a forest in a furry art anime still.
7,Chucky doll dressed as Beetlejuice.
8,2B from NieR Automata eating a bagel.
9,Groot depicted as a flower.
10,A portrait of two women with purple hair flying in different directions against a dark background.
11,A girl with pink pigtails and face tattoos.
12,A cat in a tutu dancing to Swan Lake.
13,Wicked witch casting fireball dressed in green with screaming expression.
14,Link fights an octorok in a cave in a Don Bluth-style from The Legend of Zelda, Breath of the Wild.
15,A cat with two horns on its head.
16,A cute anime schoolgirl with a sad face submerged in dark pink and blue water, portrayed in an oil painting style.
17,The image is a portrait of Homer Simpson as a Na'vi from Avatar, created with vibrant colors and highly detailed in a cinematic style reminiscent of romanticism by Eugene de Blaas and Ross Tran, available on Artstation with credits to Greg Rutkowski.
18,A depiction of Chucky, the killer doll in anime style.
19,A hand-drawn cute gnome holding a pumpkin in an autumn disguise, portrayed in a detailed close-up of the face with warm lighting and high detail.
20,The image is of an anthropomorphic orange walking on a sidewalk.
21,16-year-old teenager wearing a white bear-ear hat with a smirk on their face.
22,A spoon dressed up with eyes and a smile.
23,Keqing from Genshin Impact.
24,a papaya fruit dressed as a sailor.
25,The image features artwork in the style of Neon Genesis Evangelion, with a colorful anime design of John Key.
26,A still of Doraemon from "Shaun the Sheep" by Aardman Animation.
27,Rosario Dawson minimalist portrait by Jean Giraud in a comic book style.
28,Totem pole made out of cats.
29,Paul Chuckle bowling on a pirate ship during a storm.
30,Cartoonish serpent cephalopod mutants emerge from a fiery hell.
31,A gummy chameleon hanging on a tree branch.
32,A portrait of Nyan Cat, styled after Annie Leibovitz's dramatic photography.
33,An anime girl is riding a bicycle in Akihabara, resembling the style seen in Studio Ghibli films, and the depiction is detailed.
34,A full body portrait of Andre the Giant in the style of Justin Roiland.
35,An image of an emo with dark brown hair in a messy pixie cut, large entirely-black eyes, wearing black clothing and boots.
36,A fruit basket on a kitchen table with a Studio Ghibli reference.
37,A corgi puppy with many eyes depicted in a horror manga drawn by Junji Ito.
38,A young woman witch cosplaying with a magic wand and broom, wearing boots, and posing in a full body shot with a detailed face.
39,There is a Michael J. Fox Funko Pop figurine depicted in the image.
40,Girl shooting fireballs at a dragon in a battle pose, Madhouse studio anime style.
41,Portrait of anime girl in mechanic armor in night Tokyo.
42,Mugshot of Superman with unkempt appearance and green skin.
43,The image is of dancing potatoes in a cute cartoony style.
44,Miss Piggy dressed in futuristic outfit resembling Leeloo from The Fifth Element.
45,The image is of a raccoon wearing a Peaky Blinders hat, surrounded by swirling mist and rendered with fine detail.
46,A green Gundam in an action pose that resembles Shrek.
47,Digital anime art of mattress-man with a serious expression in an empty warehouse, highly detailed and spotlighted.
48,Portrait of an anime maid by Krenz Cushart, Alphonse Mucha, and Ilya Kuvshinov.
49,Siamese twins enjoying pickled eggs at a pub.
50,An anime furry anthro dragon in a deep forest, depicted in a realistic and detailed cel shading style.
51,Gnomes are playing music during Independence Day festivities in a forest near Lake George.
52,Spider-Man holding a ginger cat.
53,Close-up of Cad Bane, with bad flash.
54,Claymation of Futurama characters.
55,The image is a highly-detailed, symmetrical concept art depicting a full-body illustration of a character from the anime Saitama, with vibrant colors and a galaxy background.
56,A full body pic of a comic character drawn by Rob Liefield.
57,A still frame from the anime film Akira.
58,A small green dinosaur toy with orange spots standing on its hind legs and roaring with its mouth open.
59,An anime Spider-Man girl.
60,A 3D rendering of anime schoolgirls with a sad expression underwater, surrounded by dramatic lighting.
61,Teenage boy wearing a skull mask and smoking.
62,A colorful digital painting with a front view and anime-inspired vibes featuring a magical composition.
63,A vampire wearing Dr. Martens shoes.
64,Jack Pumpkinhead in the Land of Oz.
65,Portrait of young Jerry Lewis in comic style, colorized and created digitally by four artists.
66,A happy daffodil with big eyes, multiple leaf arms and vine legs, rendered in 3D Pixar style.
67,Head and shoulders portrait of Jinx from League of Legends of Arcane animated Series.
68,A one-eyed dwarf wizard holding a flagon in clean cel shaded vector art.
69,A painting of a koala wearing a princess dress and crown, with a confetti background.
70,A lemon with a McDonald's hat.
71,Ewoks swinging from Walmart rafters.
72,The image is of Pixel Art Huggy Wuggy performing a jumpscare.
73,Cartoonish illustration of a sci-fi machine shop inside a shipping container.
74,Australian soldiers surrendering to an emu.
75,A digital anime portrait of tatsumaki with green curly hair and green eyes wearing a jacket, featuring intricate details and atmospheric lighting, by artists wlop, Ilya Kuvshinov, and Krenz Cushart, trending on ArtStation.
76,A book about the history of Pepe the Frog.
77,A slime monster.
78,Francois Hollande depicted as a manga character in Japan.
79,The image features an anime girl in a short skirt and thigh-high socks, with a slim figure and accentuated hips.
80,Portrait of an anime princess in white and golden clothes.
81,A cute little anthropomorphic Tropical fish knight wearing a cape and a crown in short, pale blue armor.
82,Fullbody portrait of half-mouse anime girl by A-1 Pictures, trending on ArtStation.
83,An anthropomorphized block of tofu cartoon-style busting through a brick wall, inspired by Kool Aid man.
84,A kitten with a panda coloring eating bamboo.
85,The image is of Aunt Jemima in period attire on stage at Van's Warped Tour at 40 years old, throwing pancakes to the crowd.
86,A demon boy smiling while reading a book in a library.
87,Uncanny creatures with yin yang flagella in a surreal 1930s cartoon style.
88,Popcorn in mouth.
89,An anime-style demon princess is depicted in a digital painting.
90,A white polar bear cub wearing sunglasses sits in a meadow with flowers.
91,A plush of a cute sun-eating creature.
92,A cute rainbow kitten with different colored eyes in the chibi-style of Studio Ghibli is featured on a postcard.
93,Two Somali friends sitting and watching a Studio Ghibli movie.
94,An image of an aircraft carrier made of cheese.
95,Scene from Muppet Mad Max-Fury Road.
96,Family assembling missile in living room.
97,A lemon wearing a suit and tie, full body portrait.
98,Astolfo, an anime character, wearing a witch hat and lab coat, is flying on a broom while hexing in a forest.
99,A sci-fi machine shop in a shipping container, depicted in a manga-style digital painting with intricate details.
100,The image shows centric diatoms.
101,A spaceship in an empty landscape.
102,A mechanical planet amidst a space war with superships and exploding stars, featuring steampunk and clockpunk elements.
103,A photo of a mechanical angel woman with crystal wings, in the sci-fi style of Stefan Kostic, created by Stanley Lau and Artgerm.
104,Anthropomorphic alien plant creature with big eyes and leafy limbs depicted in a detailed painting.
105,A cyber girl with demon horns holds a black feather in front of a cybercity with a gloomy expression.
106,A massive and brightly colored spacecraft in a deserted landscape, depicted in retro 1960s sci-fi art.
107,A photorealistic image from a furry fandom convention set in a biopunk era after the genetic revolution and quantum singularity.
108,Gillian Anderson in a science fiction film directed by John Carpenter.
109,The image depicts a muscular blonde butch tomboy engineer wearing a patched flight suit, set in a detailed sci-fi environment with cinematic lighting and crepuscular rays.
110,A digital art image of a detailed surreal alien biomechanical temple interior by Giger.
111,A key visual of a young female swat officer with a neon futuristic gas mask in a cyberpunk setting.
112,A person wearing a lab coat holding a green apple and standing in front of a whiteboard filled with equations and diagrams.
113,Scene from the 1931 science fiction film "Escape from New York."
114,Sandman wearing black clothing, in a sci-fi themed digital painting by Greg Rutkowski.
115,A man watches an old TV while toxic slime and debris pour from the cracked steampunk ceiling into a glowing, neon-lit room.
116,A jellyfish sleeping in a space station pod.
117,Dr. Pepper floating in space, viewed through the window of a spaceship.
118,Alien abduction depicted in a blurry, old polaroid with lost and later found footage.
119,A ginger haired mouse mechanic in blue overalls in a cyberpunk scene with neon slums in the background.
120,The image is a symmetrical barge with a clearheaded textured fractal pattern.
121,Looking down at a destroyed city from a plane.
122,Witches performing a ritual in a dark mall.
123,The image depicts a concept car resembling a supercar or hypercar with a chrome reflection and global illumination.
124,The image is a front view of a mutant from Doom Eternal, with tubes fused to its body, and is a digital art masterpiece painted by Stanley Lau (Artgerm) and Greg Rutkowski.
125,A detailed and realistic fantasy Proto-Slavic skinny red troll creature.
126,A teddy bear mad scientist mixing chemicals depicted in oil painting style as a fantasy concept art piece.
127,Lava falls upon a crumbling stadium as crowds panic.
128,Image of a woman with snakes in her mouth, surrounded by flowers and a twisted branch background, created by various artists, with a dark and moody atmosphere.
129,A portrait of Childe Hassam in digital art style surrounded by other famous artists in HD.
130,Mixed media collage with broken glass photo and torn paper textures in a contemporary art style.
131,A cyber goth elf priestess strikes dramatic poses in a post-apocalyptic cyberpunk city with overgrown vegetation.
132,An alter made of bones with a glowing pineapple lamp on it and surrounded by candles, in front of a swirling mist with epic lighting.
133,A 3D render of a volcanic icon on a rocky background, in isometric perspective and darkly lit.
134,Sonic the Hedgehog depicted as a muscular Greek god in a highly detailed digital painting by Greg Rutkowski and Alphonse Mucha on Artstation.
135,The image is a highly detailed concept art of a medieval city, with a cinematic style and painted beautifully in oil by various artists including Wlop, Greg Rutkowski, and Artgerm, and can be viewed on Artstation.
136,An abandoned Israeli bus station in Tel Aviv depicted in a flat, colorful Ghibli-style digital artwork by Makoto Shinkai.
137,The image depicts alien flowers and plants surrounded by visceral exoskeletal formations in front of mythical mountains with dramatic contrast lighting, created with surreal hyper detailing in a 3D render.
138,Grogu is featured in the center of the image, with a cloudy sky, sun, and neon lights in the background, utilizing the rule of thirds and incorporating elements of retrofuturism and Studio Ghibli-inspired aesthetics.
139,Plasticine sculptures of two lovers walking through Paris with strict clothing and bright colors.
140,Undead army on riding beasts with symbols and music.
141,Kinetic wind sculpture in 3D render.
142,A warrior in glowing azure plate armor stands in a doorway to hell sliced by iridescent glass cracks, with crimson clouds and an art deco palace backdrop.
143,A male elf wearing heavy armor with a cape and a weathered face portrayed in detailed, smooth illustration.
144,A digital painting by Loish featuring a rush of half-body, cyberpunk androids and cyborgs adorned with intricate jewelry and colorful holographic dreads.
145,An investigator fights a tentacled monster in a finely detailed horror film still.
146,The image is a close up portrait of a man and a girl, with vibrant colors and a thermal background, resembling the style of Francis Bacon.
147,An intricate and elegant art deco-inspired metropolis with retrofuturistic elements in a cyberpunk style.
148,American cowboy with a scruffy appearance in a retrofuturistic style, inspired by the animations of Studio Ghibli.
149,A dragon standing in a forest, drinking river water.
150,White lines depict topography on a black background.
151,A planisphere lavalamp glows inside a glass jar buried in sand with swirling mist around it.
152,A full-body wide-angle photo of a wooden art doll by Agostino Arrivabene, depicting a peaceful sleeping pose.
153,A photorealistic 3D render of wooly mammoths grazing in a surreal mystical forest with a bright winding blue creek.
154,A portrait of a zebra with super detailed eyes and nose by various artists, posted on art platforms.
155,The image is titled "Queen of the Robots," created by artists Greg Rutowski, Victo Ngai, and Alphonse Mucha.
156,Close-up shot of a person running on a treadmill with worn running shoes under dramatic lighting and a comic book-style painting effect.
157,A point and click adventure based on Breaking Bad.
158,The image depicts a stunning supernova within a fantasy artwork on Artstation.
159,A surreal restaurant floating on water with architecture resembling Salvador Dalí's art, depicted in a film directed by Denis Villeneuve.
160,A highly detailed portrait of Yakuza 0's Goro Majima, featuring a variety of talented artists, created using Unreal Engine and featuring intricate environments.
161,A red-haired female knight with a golden prosthetic arm wields a long golden blade.
162,A key shot of an Australian Shepherd with a pastel color palette and dramatic lighting.
163,A black and white drawing of a road splitting the ocean leading to a giant eyeball looking at clouds in the distance.
164,Jim Carrey is eating giant hamburgers in a hyper-detailed, horror-inspired image trending on DeviantArt.
165,A photograph of a giant diamond skull in the ocean, featuring vibrant colors and detailed textures.
166,A woman's face in profile, with white carapace plates extruding from the skin and red kintsurugi.
167,Zarya from Overwatch jumping from a tall bridge into action.
168,A minimalist portrait of Rita Ora by Jean Giraud, inspired by the Moebius Starwatcher comic.
169,The image features baroque architecture by Escher and Jean Delville in the walled city of Kowloon, lit with golden lighting and displaying ornate details.
170,A hybrid creature concept painting of a zebra-striped unicorn with bunny ears and a colorful mane.
171,An image of a corn elemental, created as concept art for a high fantasy setting.
172,A raw green gemstone covered in black slime, with a shiny appearance, captured in a photorealistic digital art photograph.
173,Molten lava hanging from the ceiling creates art with octagons in a museum setting.
174,A giant nose made of water in a restaurant is depicted in a film still with unique art direction.
175,A red cobweb is seen inside a marble with an hourglass, lightning and intricate details, creating a sense of awe with swirling mist.
176,A village of stone buildings built on the side of a hill glowing with silver light.
177,A steampunk pocketwatch owl is trapped inside a glass jar buried in sand, surrounded by an hourglass and swirling mist.
178,A pocketwatch hangs from a steam punk hot air balloon amidst a swirling mist.
179,Small carved figurines of fantasy buildings, miniatures and standalone objects on a table.
180,A full body character of a mouse technomage in cyberpunk armor with a neon background, painted by jorsch.
181,A female human barbarian depicted in a traditional Dungeons and Dragons illustration.
182,Hooded figure standing over a ruined city with red haze and a grin.
183,A screenshot taken in hl2.
184,A digital illustration titled "The Rise of a Dadaist Government" by Jeffrey Smith and Tim Biskup.
185,A lady in a purple dress sitting in a tree - concept art.
186,A spray painted and analogue collage with canvas texture in a contemporary art style featuring a mathematically correct Tetris design.
187,The image features a closeup portrait of stone angel statues, created with the Unreal Engine and featuring intricate details by various artists.
188,A colorful tin toy robot runs a steam engine on a path near a beautiful flower meadow in the Swiss Alps with a mountain panorama in the background, captured in a long shot with motion blur and depth of field.
189,Male vampire of clan Banu Haqim with blue braided hair stands in a modern city at night surrounded by neon signs, jewelry, and tattoos.
190,The image is a fashion photograph of a humanoid lobster wearing a designer outfit with titanium claws, captured in red color and detailed texture by photographer Jovana Rikalo.
191,A giant cosmic tardigrade descending on Tokyo at sunset in a highly detailed concept art.
192,The image depicts Rengoku as Lucifer morningstar in a detailed digital painting available on ArtStation, featuring smooth render and sharp focus.
193,An image depicting a fantasy architectural concept with dramatic and cinematic touches through environmental concept art and an infographic-like display of marginalia.
194,"A samurai warrior made of smoke in Ghibli Studio's mystical and magical style."
195,A brightly painted temple with ornate structures and dramatic lighting inspired by Mayan and Islamic architecture.
196,Underwater concept art of marine life in Sea of Thieves featuring a wild boar.
197,Side-view blue-ice sneaker inspired by Spiderman created by Weta FX.
198,The image is a digital art depiction of a female angel warrior with detailed features by artist Magali Villeneuve.
199,A phantom airship.
200,An abstract painting depicting the balance between dark and light in nature with rough brushstrokes and fine details in natural colors.
201,Image of a foothpath in Indian summer with Zugspitze mountain in the background, painted by Sargent, Leyendecker, and Greg Hildebrandt.
202,A painting featuring two men in a fighting scene wearing black jodhpurs.
203,A town of pod homes integrated in a forest area with water and trees, depicted in a detailed watercolor by Lurid.
204,The image is a mixed media collage with broken glass and torn paper elements, featuring intricate oil details and a canvas texture, in a contemporary art style.
205,The Mona Lisa wearing headphones and listening to Lana Del Rey on a phone, depicted with photorealistic high detail.
206,"Albus Dumbledore" - a portrait of the headmaster of Hogwarts School of Witchcraft and Wizardry from the Harry Potter series.
207,The image is a Roy Lichtenstein emo portraying a woman with dark brown pixie hair, entirely black eyes, wearing a black tank top, leather jacket, skirt, choker, and boots.
208,"A portrait painting of Batman on Artstation."
209,Elvis Presley performing in a jumpsuit, artwork by Alessandro Pautasso.
210,The image depicts a gold filigree tree of life in a detailed fantasy painting.
211,A surreal painting by Ronny Khalil depicting a bestiary of wild emotion monsters repressed in the deep sea of the unconscious psyche, led by Baba Yaga, glowing with dramatic fire light as they prepare to escape in a revolution.
212,A man wearing a hat performs a magic trick for Jesus in a kitchen painting by Rockwell, Lovell, and Schoonover.
213,A graveyard at night with a moonlit grave under a sakura tree, rain falling, by Aleksandra Waliszewska.
214,The image depicts three female figures, known as the muses, playing musical instruments.
215,A person wearing black and white boots and pants sits in a portrait pose in a detailed fantasy painting by various artists.
216,Female human barbarian in a dungeon, illustrated by Jeff Easley for Dungeons and Dragons.
217,a pointillism ink painting of a Japanese demon with high detail.
218,A nebula forms the shape of a face in this detailed artwork.
219,The image depicts a Studio Ghibli-style painting of a colossal, ancient ruin with a road winding through the forest, overlooking a sunrise above the cloudy sea.
220,Michael Van Gerwen drinking a cup of tea in black and white Warhammer fantasy art.
221,Portrait of a Victorian gentleman standing on a balcony, richly detailed color illustration with cinematic lighting.
222,A painting of a woman by Zinaida Serebriakova wearing a T-shirt with the Supreme brand logo, a sleeveless white blouse, dark brown capris, and black loafers.
223,A painting of a starship landing by a temple, created by Hubert Robert.
224,Panorama of Hogwarts.
225,Close up portrait of a person speaking on the phone in front of a dark, geometrically abstract painting in the style of Sophie Taeuber-Arp, Gary Hume, and Tatsuro Kiuchi.
226,a shiny metallic renaissance steampunk robot in the style of Jan van Eyck.
227,Album art of a hand holding a balloon emerging from the water against a red sky.
228,A canvas artwork with art nouveau style depicting an ocean on fire, inspired by artists Reylia Slaby, Peter Gric, and Lexie Liu, featuring intricate and ornate details and volumetric lighting.
229,A painting depicting a foothpath at Indian summer with an epic evening sky at sunset and low thunder clouds.
230,A surreal dark painting featuring mythical creatures, by Ronny Khalil.
231,A frightened woman with blood on her face, wearing an emerald necklace, crouched in fear in a castle hallway.
232,Robot painted by Salvador Dali, resembling Wall-E.
233,The image features a person wearing jodhpurs, knee-high boots, and a leather jacket, painted in a fantasy style by various artists including Greg Manchess, Leyendecker, Greg Rutkowski, Greg Tocchini, James Gilleard, and Joe Fenton.
234,A portrait painting of a male deer in a suit sitting on a sofa near a window by John Singer Sargent.
235,The image is an ink and wash painting featuring vibrant colors, calligraphy, woodblock and geometric 3D shapes.
236,A detailed soft painting of a bat with golden rose flowers and amethyst stained glass in the background.
237,The image is a painting by Pierre-Auguste Renoir of an emo with short, messy brown hair, large entirely-black eyes, wearing a black tank top, leather jacket, knee-length skirt, choker, and boots.
238,Hyper realistic matte painting of the legendary ancient world of Shangrila.
239,Lady Britannia portrayed in crosshatching in 18th century art by William Hogarth.
240,The image is an oil on canvas painting of a broken man.
241,A watercolor portrait of a woman by Luke Rueda Studios and David Downton.
242,Cyrano de Bergerac holds Roxanne's hand in an illustrated scene by Csók István.
243,Geometric, colorful creature painted with rough brushstrokes on an abstract background by Pavel Lizano (2018).
244,Oil portrait of Gearless Joe by Greg Rutowski and Alphonse Mucha.
245,A portrait painting of Leighann Vail.
246,Oil portrait of a skeleton in a Victorian suit.
247,A colorful, detailed painting of a raccoon with a long, flowing mane reminiscent of a lion's, styled in a mohawk.
248,Two cats, one grey and one black, are wearing steampunk attire and standing in front of a ship in a heavily detailed painting.
249,Mythical beasts around a fire in a dark, surreal painting by Ronny Khalil.
250,Renaissance angel depicted in Gerhard Richter's oil painting.
251,Interior of a cathedral with a koi pond and surrounding greenery.
252,A silkscreen print of a woman with a short dark brown pixie cut, evil entirely-black eyes, wearing all black clothing.
253,The image features a painting of a person wearing white cloth fabric jodhpurs, with elements of fantasy and intricacy.
254,Portrait of Steve Buscemi by Ilya Kuvshinov.
255,A portrait of Phoenix Wright, painted in oil by Greg Rutowski and inspired by the art of Alphonse Mucha.
256,An award-winning portrait of a lemon in a muted, space age style reminiscent of the 1930s.
257,A painting by Raffaello Sanzi portraying Kajol and symbiots Riot during the Renaissance era, showcased on Artstation.
258,"Beeple's painting 'ethos of ego, mythos of id' on canvas features hyperrealistic photorealism."
259,Artwork by Shaun Tan.
260,Illustration of a sugar skull day of the dead girl.
261,A painting of the TV tower by Zaha Hadid.
262,A giant minotaur warrior holding a two handed axe, depicted in a dark fantasy digital painting.
263,A Japanese castle landscape painting trending on Artstation.
264,A depiction of Boudica, queen and warrior, with a battlefield in the background.
265,Mila Kunis portrayed as a fire elemental in a highly detailed digital painting.
266,The image is titled "Left 4 Dead" and was painted by John William Waterhouse.
267,A Proto-Slavic hero is depicted in an intricate and elegant digital painting by multiple artists on ArtStation.
268,A painting depicting a snowy winter scene featuring a river, a small house on a hill, and a dreamy cloudy sky.
269,Digital painting with vivid colors and a front view featuring a magical composition.
270,The image depicts a portrait of a panda by Petros Afshar.
271,An androgynous glam rocker poses outside CBGB in the style of Phil Hale.
272,A digital painting of a symmetric fantasy depiction of a Shinigami Japanese figure with highly detailed and realistic intricate port.
273,A magical hand reaching up on a dark-violet background, depicted through a digital painting.
274,An oil painting portrait of a beautiful dryad wearing an ombre velvet gown, with long hair and a tiara, adorned with dozens of jeweled necklaces, and illuminated with dramatic cinematic lighting.
275,Michal Karcz has painted a beautiful landscape, featuring purple trees with intricate and elegant details.
276,Portrait of a black man with open mouth, viewed from below, in the style of Lucian Freud.
277,Whimsical creatures in a dark, surreal painting by Ronny Khalil.
278,A falcon in flight, depicted in a highly detailed painting by Ilya Repin, Phil Hale, and Kent Williams.
279,A portrait painting of Lashaundra Garrette.
280,A polar expedition unloads from a ship in the 19th century in an intricate and elegant fantasy illustration.
281,Close-up view of ancient Greek ruins set against a colourful, starry night sky creating a mystical atmosphere.
282,A Monet portrait.
283,A portrait painting of Roxie Kownacki.
284,A cave painting of a Stone Age party.
285,An oil on canvas painting depicting a surreal cognitive illusion of a key, by artists Oleg Shupliak and Jeffrey Smith, with nods to Afrofuturism and surrealism.
286,A Weezer album painted by Hieronymus Bosch.
287,A painting by Ludek Marold of cattle grazing in a field, done in oil on canvas.
288,The image depicts a Sri Lankan king, created by artist Nizovtsev, Victor.
289,A semirealistic digital painting of a Japanese schoolgirl in a gentle grayish color palette, by Chinese artists on ArtStation.
290,A portrait of Frank Zappa smoking, with vivid neon colors, by various artists.
291,A portrait of Larry David playing poker by Sandra Chevrier, featured on Artstation.
292,A digital painting of a small universe with intricate details and ornate features, featuring the styles of Claude Monet and Vincent van Gogh.
293,A white Persian cat wearing a peacock feather headdress and surrounded by flowers, in a magical realism painting.
294,A purple and black generative art, with repeating biomorphic patterns by Patrick Heron.
295,The Magician by René Magritte.
296,Digital painting of a lush natural scene on an alien planet with colourful, weird vegetation, cliffs, and water by Gerald Brom.
297,Plankton creatures gathered around a fire geyser in a surreal, dark painting by Ronny Khalil.
298,Oil painting portrait of demon king with gazing eyes, art by John Howe, Keith Parkinson, and Larry Elmore, featured on ArtStation and CGSociety.
299,"Hyperrealistic acrylic painting on canvas by Junji Ito depicting the mythos of ego and ethos of id."
300,A train is moving along the track in the countryside.
301,a castle is in the middle of a eurpean city 
302,A lot of building on each side of the road, with a very curvy road in the middle.
303,People standing in the grass playing with a frisbee.
304,A street light and other road signs. 
305,Two men sitting in a green living room talking to a girl seen in the mirror.
306,Empty double decker London bus in rural area.
307,A plate topped with lots of different kinds of fruit.
308,an empty bench next to a busy street.
309,A person holding a remote while playing a game
310,Racing horse being guided by an asian man. 
311,there is a old rusted train sitting on the ground
312,baseball player swinging metal bat at home plate.
313,Room full of people playing video games and having a party.
314,An airplane is flying with a white line in the sky above it.
315,Three zebras crowd around each other in a painting. 
316,a plate that has some kind of food on it
317,a  vehicle with many people even on top
318,The skater is riding very low on his board.
319,Snow boarder falling down in almost white out conditions of snow.
320,A brown and black dog sticking its head out a window.
321,A train is coming along near some unusual looking tracks.
322,A group of four friends commemorating a ski trip in the snow.
323,Very ornate bedroom with a chandelier over the bed.
324,A mother bear and her cub crossing a two lane road.
325,Two little dogs looking a large pizza sitting on a table.
326,an image of a messy counter in a bathroom
327,The bus is parked beside of the shopping center.
328,Side of a street, where there is a fire hydrant and a mirror showing the street.
329,Two young ladies seated with several other people at a dinner table.
330,A great room with the living area in the foreground, dining table behind it and kitchen in the very back. 
331,The shadow of a person across an asphalt street next to a street sign.
332,There is a bicycle parked next to a car.
333,A man walking on the bea with his surfboard.
334,A lighted birthday cake with chunks of walnuts.
335,A woman wearing a bridal veil and suitcase poses with a man in a yellow tie.
336,a man walking alone down the street in a velvet jacket
337,A person holding a very small slice on pizza between their fingers.
338,A person flying a kite while standing in the grass.
339,A man stands in front of a bus and a car that have collided.
340,An airplane is flying down above a tree.
341,A woman riding skis across snow covered ground.
342,A bunch of people waiting in line by a rail.
343,A man playing with a tennis racquet, on a court.
344,A small dog looking at a white plate holding donuts.
345,A couple of men are standing outside their car watching sheep cross a road. 
346,People rafting on a river while others ride on top of elephants.
347,A motorcycle that is sitting in the dirt.
348,A blue vase filled with yellow flowers on a window sill.
349,A giraffe walking through the grass towards a wall.
350,A baseball player pitching a baseball on a field.
351,Bikes sit parked under trees on a city street.
352,a young male holding a baseball bat in a baseball uniform
353,A clock tower with lighted clock faces, against a twilight sky.
354,a girl a white bear a camera a tea pot and a cup
355,An athletic middle aged male skier courses downhill. 
356,a public transit bus on a city street 
357,A tanker trunk is on it's side on the side of a road near a police car.
358,A bathroom stall containing an empty toilet in it.
359,A flag flying with kites all around it.
360,A train that is going by a building.
361,The feet of Lacrosse players scramble for the ball.
362,A little kid riding a skateboard down a sidewalk.
363,A man with his finger held up to his nose.
364,A man placing a turkey in an oven with oven mitts.  
365,freshly baked donuts priced to sell at 60cents each
366,Some giraffes are walking around the zoo exhibit. 
367,A pizza is displayed inside a pizza box.
368,a vintage photo of a man and a nurse 
369,A blue airplane in a blue, cloudless sky
370,A large dog laying on a couch in a room.
371,A wooden trunk sitting outside with stickers on it.
372,A white Fed Ex sitting in front of a tall building.
373,there are three woman that are laying on the beach
374,Carrots bundled up for sale at an outside market
375,A nighstand topped with a white land-line phone, remote control, a metallic lamp, and two pens next to a black hardcover book.
376,There is a man and woman posing together  in a restaurant
377,A tall giraffe in a zoo eating branches 
378,A bear walks through a group of bushes with a plant in its mouth.
379,A giraffe stands inside a enclosure with a group of people standing near by. 
380,A pigeon sitting on top of a white table.
381,A group of people on a field playing with a frisbee.
382,A view of a red light at Tenth Avenue
383,A sculpture that is planted in rocks in front of the water.
384,A bowl filled with apple slices and ice cream
385,people bicycling near the beach on a bicycle lane
386,A high shot of many people standing in an airport. 
387,A portrait of a dinner dish of a protein and greens.
388,A big metal bed frame with no mattress on it.
389,Several different types of cell phones are shown here.
390,The umpire, catcher and batter during a baseball game
391,Kids are peering over a fence as a train rolls by.
392,Three cows eating in a field with sea in background.
393,A tall giraffe is eating out of a basket.
394,Group of birds sitting on top of a television antenna on a building. 
395,a group of people wearing ski equipment on a snowy field
396,A stop sign with the phrase "hammer time" written on it. 
397,Several bunches of unripened bananas growing from trees.
398,a cellphone standing on a counter next to a small statue of buddy christ
399,a train on a track with a car near by
